{"cameraMode":{"drawMode":0,"name":"Shaded","section":"Shading Mode"},"sceneLighting":false,"audioPlay":false,"sceneViewState":{"showFog":true,"showMaterialUpdate":true,"showSkybox":false,"showFlares":true,"showImageEffects":true,"showParticleSystems":true},"in2DMode":false,"pivot":{"x":-26.039743423461915,"y":7.690052509307861,"z":-22.113378524780275},"rotation":{"x":0.23075595498085023,"y":-0.40267446637153628,"z":0.1070140078663826,"w":0.8795377612113953},"size":2.8284270763397219,"orthographic":false}