{"cameraMode":{"drawMode":0,"name":"Shaded","section":"Shading Mode"},"sceneLighting":false,"audioPlay":false,"sceneViewState":{"showFog":true,"showMaterialUpdate":true,"showSkybox":false,"showFlares":true,"showImageEffects":true,"showParticleSystems":true},"in2DMode":false,"pivot":{"x":-11.566351890563965,"y":9.537753105163575,"z":-16.861677169799806},"rotation":{"x":-0.20752312242984773,"y":-0.47642210125923159,"z":0.11736230552196503,"w":-0.8467602133750916},"size":1.658312439918518,"orthographic":false}