{"cameraMode":{"drawMode":0,"name":"Shaded","section":"Shading Mode"},"sceneLighting":true,"audioPlay":false,"sceneViewState":{"showFog":true,"showMaterialUpdate":true,"showSkybox":false,"showFlares":true,"showImageEffects":true,"showParticleSystems":true},"in2DMode":false,"pivot":{"x":21.651187896728517,"y":-0.8768576979637146,"z":19.9423828125},"rotation":{"x":-0.040586862713098529,"y":-0.3501121401786804,"z":0.015634020790457727,"w":-0.9358802437782288},"size":13.182286262512207,"orthographic":false}