{"cameraMode":{"drawMode":0,"name":"Shaded","section":"Shading Mode"},"sceneLighting":false,"audioPlay":false,"sceneViewState":{"showFog":true,"showMaterialUpdate":true,"showSkybox":false,"showFlares":true,"showImageEffects":true,"showParticleSystems":true},"in2DMode":false,"pivot":{"x":-30.908008575439454,"y":2.921734571456909,"z":1.988106369972229},"rotation":{"x":0.25975948572158816,"y":0.048882000148296359,"z":-0.01552557572722435,"w":0.9647562503814697},"size":1.5,"orthographic":false}