{"cameraMode":{"drawMode":0,"name":"Shaded","section":"Shading Mode"},"sceneLighting":false,"audioPlay":false,"sceneViewState":{"showFog":true,"showMaterialUpdate":true,"showSkybox":false,"showFlares":true,"showImageEffects":true,"showParticleSystems":true},"in2DMode":false,"pivot":{"x":-47.4366340637207,"y":7.3363213539123539,"z":-10.894536972045899},"rotation":{"x":0.08012396842241287,"y":-0.44248655438423159,"z":-0.03940616175532341,"w":-0.892778217792511},"size":1.7320507764816285,"orthographic":false}