{"cameraMode":{"drawMode":0,"name":"Shaded","section":"Shading Mode"},"sceneLighting":false,"audioPlay":false,"sceneViewState":{"showFog":true,"showMaterialUpdate":false,"showSkybox":false,"showFlares":true,"showImageEffects":true,"showParticleSystems":true},"in2DMode":false,"pivot":{"x":-2.816943883895874,"y":-0.531899631023407,"z":-0.2907356321811676},"rotation":{"x":0.10661529749631882,"y":-0.8030061721801758,"z":0.14970563352108003,"w":0.5671565532684326},"size":3.4641025066375734,"orthographic":false}