{"cameraMode":{"drawMode":0,"name":"Shaded","section":"Shading Mode"},"sceneLighting":false,"audioPlay":false,"sceneViewState":{"showFog":true,"showMaterialUpdate":true,"showSkybox":false,"showFlares":true,"showImageEffects":true,"showParticleSystems":true},"in2DMode":false,"pivot":{"x":-14.54534912109375,"y":17.772689819335939,"z":1.5113751888275147},"rotation":{"x":-0.023151757195591928,"y":-0.9171501994132996,"z":0.054398659616708758,"w":-0.39521297812461855},"size":0.8660253882408142,"orthographic":false}