{"cameraMode":{"drawMode":0,"name":"Shaded","section":"Shading Mode"},"sceneLighting":true,"audioPlay":false,"sceneViewState":{"showFog":true,"showMaterialUpdate":true,"showSkybox":false,"showFlares":true,"showImageEffects":true,"showParticleSystems":true},"in2DMode":false,"pivot":{"x":-17.98967933654785,"y":18.235883712768556,"z":9.823861122131348},"rotation":{"x":-0.3603341281414032,"y":-0.34918028116226199,"z":0.14772644639015199,"w":-0.8526214361190796},"size":10.0,"orthographic":false}