{"cameraMode":{"drawMode":0,"name":"Shaded","section":"Shading Mode"},"sceneLighting":false,"audioPlay":false,"sceneViewState":{"showFog":true,"showMaterialUpdate":true,"showSkybox":false,"showFlares":true,"showImageEffects":true,"showParticleSystems":true},"in2DMode":false,"pivot":{"x":19.134103775024415,"y":-5.092381000518799,"z":4.4724907875061039},"rotation":{"x":-0.11090921610593796,"y":-0.5911301374435425,"z":0.08252699673175812,"w":-0.7951887845993042},"size":13.856410026550293,"orthographic":false}