{"cameraMode":{"drawMode":0,"name":"Shaded","section":"Shading Mode"},"sceneLighting":false,"audioPlay":false,"sceneViewState":{"showFog":true,"showMaterialUpdate":true,"showSkybox":false,"showFlares":true,"showImageEffects":true,"showParticleSystems":true},"in2DMode":false,"pivot":{"x":-48.16025161743164,"y":7.428442001342773,"z":-11.02830696105957},"rotation":{"x":-0.14360693097114564,"y":-0.542556643486023,"z":0.09527146816253662,"w":-0.8226500153541565},"size":1.7320507764816285,"orthographic":false}