{"cameraMode":{"drawMode":0,"name":"Shaded","section":"Shading Mode"},"sceneLighting":true,"audioPlay":false,"sceneViewState":{"showFog":true,"showMaterialUpdate":true,"showSkybox":true,"showFlares":true,"showImageEffects":true,"showParticleSystems":true},"in2DMode":false,"pivot":{"x":12.45169448852539,"y":-14.021484375,"z":0.34053993225097659},"rotation":{"x":-0.25463688373565676,"y":-0.6276143789291382,"z":0.2290346622467041,"w":-0.6993927955627441},"size":31.028213500976564,"orthographic":false}