{"cameraMode":{"drawMode":0,"name":"Shaded","section":"Shading Mode"},"sceneLighting":false,"audioPlay":false,"sceneViewState":{"showFog":true,"showMaterialUpdate":true,"showSkybox":false,"showFlares":true,"showImageEffects":true,"showParticleSystems":true},"in2DMode":false,"pivot":{"x":-0.09060513973236084,"y":0.15066927671432496,"z":-0.07778674364089966},"rotation":{"x":0.07440978288650513,"y":-0.872803807258606,"z":0.1407625675201416,"w":0.46139970421791079},"size":0.8660253882408142,"orthographic":false}