{"cameraMode":{"drawMode":0,"name":"Shaded","section":"Shading Mode"},"sceneLighting":true,"audioPlay":false,"sceneViewState":{"showFog":true,"showMaterialUpdate":true,"showSkybox":true,"showFlares":true,"showImageEffects":true,"showParticleSystems":true},"in2DMode":false,"pivot":{"x":4.509267330169678,"y":2.5521390438079836,"z":-1.3088892698287964},"rotation":{"x":-0.10518497228622437,"y":-0.7074939012527466,"z":0.1082613468170166,"w":-0.6906549334526062},"size":8.048271179199219,"orthographic":false}