{"cameraMode":{"drawMode":0,"name":"Shaded","section":"Shading Mode"},"sceneLighting":true,"audioPlay":false,"sceneViewState":{"showFog":true,"showMaterialUpdate":true,"showSkybox":true,"showFlares":true,"showImageEffects":true,"showParticleSystems":true},"in2DMode":false,"pivot":{"x":-23.84762954711914,"y":-1.5172147750854493,"z":50.607643127441409},"rotation":{"x":-0.04190526157617569,"y":0.32924219965934756,"z":-0.014686157926917076,"w":-0.9434988498687744},"size":31.028213500976564,"orthographic":false}