{"cameraMode":{"drawMode":0,"name":"Shaded","section":"Shading Mode"},"sceneLighting":true,"audioPlay":false,"sceneViewState":{"showFog":true,"showMaterialUpdate":true,"showSkybox":false,"showFlares":true,"showImageEffects":true,"showParticleSystems":true},"in2DMode":false,"pivot":{"x":-4.009063720703125,"y":57.90621566772461,"z":-1.2514177560806275},"rotation":{"x":-0.15471956133842469,"y":-0.5052999258041382,"z":0.09303024411201477,"w":-0.8440514206886292},"size":0.866025447845459,"orthographic":false}