{"cameraMode":{"drawMode":0,"name":"Shaded","section":"Shading Mode"},"sceneLighting":false,"audioPlay":false,"sceneViewState":{"showFog":true,"showMaterialUpdate":true,"showSkybox":false,"showFlares":true,"showImageEffects":true,"showParticleSystems":true},"in2DMode":false,"pivot":{"x":146.5792694091797,"y":44.96644973754883,"z":15.487222671508789},"rotation":{"x":0.15418857336044312,"y":0.3876156210899353,"z":-0.06644900143146515,"w":0.9068374037742615},"size":86.6025390625,"orthographic":false}