{"cameraMode":{"drawMode":0,"name":"Shaded","section":"Shading Mode"},"sceneLighting":false,"audioPlay":false,"sceneViewState":{"showFog":false,"showMaterialUpdate":false,"showSkybox":false,"showFlares":false,"showImageEffects":false,"showParticleSystems":false},"in2DMode":false,"pivot":{"x":2.109541416168213,"y":-1.0583900213241578,"z":-0.15974962711334229},"rotation":{"x":-0.18946100771427155,"y":-0.14916908740997315,"z":0.029570182785391809,"w":-0.9702690839767456},"size":10.0,"orthographic":false}