{"cameraMode":{"drawMode":0,"name":"Shaded","section":"Shading Mode"},"sceneLighting":false,"audioPlay":false,"sceneViewState":{"showFog":true,"showMaterialUpdate":true,"showSkybox":false,"showFlares":true,"showImageEffects":true,"showParticleSystems":true},"in2DMode":false,"pivot":{"x":-8.227081298828125,"y":5.465123176574707,"z":-4.442641735076904},"rotation":{"x":0.23000892996788026,"y":0.2899594306945801,"z":-0.07304690033197403,"w":0.9265700578689575},"size":3.464101552963257,"orthographic":false}