{"cameraMode":{"drawMode":0,"name":"Shaded","section":"Shading Mode"},"sceneLighting":true,"audioPlay":false,"sceneViewState":{"showFog":true,"showMaterialUpdate":true,"showSkybox":false,"showFlares":true,"showImageEffects":true,"showParticleSystems":true},"in2DMode":false,"pivot":{"x":26.756649017333986,"y":-4.444307327270508,"z":-1.2471306324005128},"rotation":{"x":-0.10122773051261902,"y":-0.7131324410438538,"z":0.10589472949504852,"w":-0.6857994794845581},"size":13.182286262512207,"orthographic":false}