{"cameraMode":{"drawMode":0,"name":"Shaded","section":"Shading Mode"},"sceneLighting":true,"audioPlay":false,"sceneViewState":{"showFog":true,"showMaterialUpdate":true,"showSkybox":true,"showFlares":true,"showImageEffects":true,"showParticleSystems":true},"in2DMode":false,"pivot":{"x":-2.338960886001587,"y":1.294936180114746,"z":-9.063288688659668},"rotation":{"x":0.034292444586753848,"y":0.7488471865653992,"z":-0.040954653173685077,"w":0.661080002784729},"size":1.485766053199768,"orthographic":false}