{"cameraMode":{"drawMode":0,"name":"Shaded","section":"Shading Mode"},"sceneLighting":true,"audioPlay":false,"sceneViewState":{"showFog":true,"showMaterialUpdate":true,"showSkybox":false,"showFlares":true,"showImageEffects":true,"showParticleSystems":true},"in2DMode":false,"pivot":{"x":-27.72386360168457,"y":6.173111915588379,"z":-18.41204833984375},"rotation":{"x":0.03003234975039959,"y":-0.1618662178516388,"z":0.006143661681562662,"w":0.9865577220916748},"size":2.8284270763397219,"orthographic":false}