{"cameraMode":{"drawMode":0,"name":"Shaded","section":"Shading Mode"},"sceneLighting":true,"audioPlay":false,"sceneViewState":{"showFog":false,"showMaterialUpdate":false,"showSkybox":false,"showFlares":false,"showImageEffects":false,"showParticleSystems":false},"in2DMode":false,"pivot":{"x":10.087470054626465,"y":-8.533496856689454,"z":-4.272325038909912},"rotation":{"x":0.23852884769439698,"y":0.624763548374176,"z":-0.20662952959537507,"w":0.7144851088523865},"size":12.669951438903809,"orthographic":false}