{"cameraMode":{"drawMode":0,"name":"Shaded","section":"Shading Mode"},"sceneLighting":false,"audioPlay":false,"sceneViewState":{"showFog":true,"showMaterialUpdate":true,"showSkybox":false,"showFlares":true,"showImageEffects":true,"showParticleSystems":true},"in2DMode":false,"pivot":{"x":-4.119302272796631,"y":-2.140218496322632,"z":14.770234107971192},"rotation":{"x":0.08054271340370178,"y":-0.17663094401359559,"z":0.01300668716430664,"w":0.9813275933265686},"size":10.392308235168457,"orthographic":false}