{"cameraMode":{"drawMode":0,"name":"Shaded","section":"Shading Mode"},"sceneLighting":false,"audioPlay":false,"sceneViewState":{"showFog":true,"showMaterialUpdate":true,"showSkybox":false,"showFlares":true,"showImageEffects":true,"showParticleSystems":true},"in2DMode":false,"pivot":{"x":-3.0774099826812746,"y":-5.857707977294922,"z":-13.0353364944458},"rotation":{"x":0.02462104707956314,"y":-0.9702483415603638,"z":0.21509143710136414,"w":0.11226924508810044},"size":10.392304420471192,"orthographic":false}