{"cameraMode":{"drawMode":0,"name":"Shaded","section":"Shading Mode"},"sceneLighting":true,"audioPlay":false,"sceneViewState":{"showFog":true,"showMaterialUpdate":true,"showSkybox":true,"showFlares":true,"showImageEffects":true,"showParticleSystems":true},"in2DMode":false,"pivot":{"x":60.788822174072269,"y":-4.519787311553955,"z":-6.512234210968018},"rotation":{"x":-0.030619658529758455,"y":-0.7439765930175781,"z":0.0321870893239975,"w":-0.667183518409729},"size":31.028213500976564,"orthographic":false}