{"cameraMode":{"drawMode":0,"name":"Shaded","section":"Shading Mode"},"sceneLighting":false,"audioPlay":false,"sceneViewState":{"showFog":true,"showMaterialUpdate":true,"showSkybox":false,"showFlares":true,"showImageEffects":true,"showParticleSystems":true},"in2DMode":false,"pivot":{"x":-0.6657924056053162,"y":0.7111197710037231,"z":1.949306607246399},"rotation":{"x":-0.012168905697762967,"y":-0.9852378964424133,"z":0.13772942125797273,"w":-0.10513812303543091},"size":0.8660253882408142,"orthographic":false}