{"cameraMode":{"drawMode":0,"name":"Shaded","section":"Shading Mode"},"sceneLighting":true,"audioPlay":false,"sceneViewState":{"showFog":true,"showMaterialUpdate":true,"showSkybox":false,"showFlares":true,"showImageEffects":true,"showParticleSystems":true},"in2DMode":false,"pivot":{"x":-4.131448745727539,"y":-0.993384063243866,"z":-14.500970840454102},"rotation":{"x":0.0014440547674894333,"y":-0.9923843145370483,"z":0.06654569506645203,"w":0.10956799238920212},"size":10.0,"orthographic":false}