{"cameraMode":{"drawMode":0,"name":"Shaded","section":"Shading Mode"},"sceneLighting":false,"audioPlay":false,"sceneViewState":{"showFog":true,"showMaterialUpdate":true,"showSkybox":false,"showFlares":true,"showImageEffects":true,"showParticleSystems":true},"in2DMode":false,"pivot":{"x":2.4507346153259279,"y":0.7194267511367798,"z":4.017836093902588},"rotation":{"x":-0.07250428944826126,"y":-0.038014981895685199,"z":0.004029684234410524,"w":-0.9972577095031738},"size":5.02493953704834,"orthographic":false}