{"cameraMode":{"drawMode":0,"name":"Shaded","section":"Shading Mode"},"sceneLighting":false,"audioPlay":false,"sceneViewState":{"showFog":true,"showMaterialUpdate":true,"showSkybox":false,"showFlares":true,"showImageEffects":true,"showParticleSystems":true},"in2DMode":false,"pivot":{"x":2.3950557708740236,"y":-1.2652390003204346,"z":-12.043691635131836},"rotation":{"x":-0.009223554283380509,"y":-0.9895650148391724,"z":0.08105505257844925,"w":-0.12242612987756729},"size":8.717801094055176,"orthographic":false}