{"cameraMode":{"drawMode":0,"name":"Shaded","section":"Shading Mode"},"sceneLighting":false,"audioPlay":false,"sceneViewState":{"showFog":true,"showMaterialUpdate":true,"showSkybox":false,"showFlares":true,"showImageEffects":true,"showParticleSystems":true},"in2DMode":false,"pivot":{"x":-1.7348741292953492,"y":0.5371391177177429,"z":0.5208731889724731},"rotation":{"x":-0.01893998123705387,"y":-0.9710611701011658,"z":0.09467492997646332,"w":-0.22041718661785127},"size":0.8660253882408142,"orthographic":false}