{"cameraMode":{"drawMode":0,"name":"Shaded","section":"Shading Mode"},"sceneLighting":false,"audioPlay":false,"sceneViewState":{"showFog":true,"showMaterialUpdate":true,"showSkybox":false,"showFlares":true,"showImageEffects":true,"showParticleSystems":true},"in2DMode":false,"pivot":{"x":-10.559170722961426,"y":2.318171501159668,"z":8.156486511230469},"rotation":{"x":-0.010874385945498944,"y":0.837137758731842,"z":-0.013362589292228222,"w":-0.5475049018859863},"size":21.650634765625,"orthographic":false}