{"cameraMode":{"drawMode":0,"name":"Shaded","section":"Shading Mode"},"sceneLighting":false,"audioPlay":false,"sceneViewState":{"showFog":true,"showMaterialUpdate":true,"showSkybox":false,"showFlares":true,"showImageEffects":true,"showParticleSystems":true},"in2DMode":false,"pivot":{"x":2.705561399459839,"y":5.141298294067383,"z":-10.11294174194336},"rotation":{"x":0.025324642658233644,"y":-0.9755865931510925,"z":-0.16622690856456757,"w":-0.14436064660549165},"size":8.717801094055176,"orthographic":false}