{"cameraMode":{"drawMode":0,"name":"Shaded","section":"Shading Mode"},"sceneLighting":false,"audioPlay":false,"sceneViewState":{"showFog":true,"showMaterialUpdate":true,"showSkybox":false,"showFlares":true,"showImageEffects":true,"showParticleSystems":true},"in2DMode":false,"pivot":{"x":2.4633660316467287,"y":0.7926591634750366,"z":3.0611045360565187},"rotation":{"x":-0.06564285606145859,"y":-0.315519243478775,"z":0.02320101112127304,"w":-0.9470170140266419},"size":5.02493953704834,"orthographic":false}