{"cameraMode":{"drawMode":0,"name":"Shaded","section":"Shading Mode"},"sceneLighting":false,"audioPlay":false,"sceneViewState":{"showFog":true,"showMaterialUpdate":true,"showSkybox":false,"showFlares":true,"showImageEffects":true,"showParticleSystems":true},"in2DMode":false,"pivot":{"x":-1.2582510709762574,"y":-7.292261123657227,"z":-14.214430809020996},"rotation":{"x":0.008907618932425976,"y":-0.9687483906745911,"z":0.24698974192142487,"w":0.036066990345716479},"size":10.392304420471192,"orthographic":false}