{"cameraMode":{"drawMode":0,"name":"Shaded","section":"Shading Mode"},"sceneLighting":true,"audioPlay":false,"sceneViewState":{"showFog":true,"showMaterialUpdate":true,"showSkybox":false,"showFlares":true,"showImageEffects":true,"showParticleSystems":true},"in2DMode":false,"pivot":{"x":-23.19721221923828,"y":23.890357971191408,"z":12.412161827087403},"rotation":{"x":-0.21467910706996919,"y":-0.0719648078083992,"z":0.015928849577903749,"w":-0.9741833806037903},"size":10.0,"orthographic":false}