{"cameraMode":{"drawMode":0,"name":"Shaded","section":"Shading Mode"},"sceneLighting":true,"audioPlay":false,"sceneViewState":{"showFog":true,"showMaterialUpdate":true,"showSkybox":false,"showFlares":true,"showImageEffects":true,"showParticleSystems":true},"in2DMode":false,"pivot":{"x":5.355057239532471,"y":1.0225272178649903,"z":3.2881407737731935},"rotation":{"x":-0.17293480038642884,"y":-0.41321325302124026,"z":0.08073827624320984,"w":-0.8906006217002869},"size":13.182286262512207,"orthographic":false}